Insert into PESSOAS (CPF,NOME,DATA_NASCIMENTO,TELEFONE) values ('32510559257','Juan Sérgio Renan Castro',to_date('14/10/45','DD/MM/RR'),'982761480');
Insert into PESSOAS (CPF,NOME,DATA_NASCIMENTO,TELEFONE) values ('75483883578','Elza Emanuelly Corte Real',to_date('13/08/40','DD/MM/RR'),'991060319');
Insert into PESSOAS (CPF,NOME,DATA_NASCIMENTO,TELEFONE) values ('47585404620','Thomas Noah Benjamin Santos',to_date('06/11/95','DD/MM/RR'),'987893308');
Insert into PESSOAS (CPF,NOME,DATA_NASCIMENTO,TELEFONE) values ('32272767206','Kevin Renan Matheus Alves',to_date('12/01/90','DD/MM/RR'),'997019956');
Insert into PESSOAS (CPF,NOME,DATA_NASCIMENTO,TELEFONE) values ('73194754211','Gustavo Martin João Drumond',to_date('10/12/42','DD/MM/RR'),'989659151');
Insert into PESSOAS (CPF,NOME,DATA_NASCIMENTO,TELEFONE) values ('94044448396','Luzia Emilly Márcia Dias',to_date('03/10/55','DD/MM/RR'),'992248186');
Insert into PESSOAS (CPF,NOME,DATA_NASCIMENTO,TELEFONE) values ('92407470877','Vanessa Rosângela Santos',to_date('26/08/82','DD/MM/RR'),'992354156');
Insert into PESSOAS (CPF,NOME,DATA_NASCIMENTO,TELEFONE) values ('77627507030','Isaac Hugo Corte Real',to_date('22/07/90','DD/MM/RR'),'998302740');
Insert into PESSOAS (CPF,NOME,DATA_NASCIMENTO,TELEFONE) values ('47501203164','Carlos Eduardo Barbosa',to_date('16/07/96','DD/MM/RR'),'991599307');
Insert into PESSOAS (CPF,NOME,DATA_NASCIMENTO,TELEFONE) values ('63006943139','Rita Vera da Cruz',to_date('16/01/92','DD/MM/RR'),'993353480');
Insert into PESSOAS (CPF,NOME,DATA_NASCIMENTO,TELEFONE) values ('41721554300','Rodrigo Cauê Cavalcanti',to_date('26/07/77','DD/MM/RR'),'984764771');
Insert into PESSOAS (CPF,NOME,DATA_NASCIMENTO,TELEFONE) values ('89007140582','Daniela Isabelle Alves',to_date('02/12/85','DD/MM/RR'),'997713103');
Insert into PESSOAS (CPF,NOME,DATA_NASCIMENTO,TELEFONE) values ('49533538970','Antonella Bianca Moreira',to_date('20/04/46','DD/MM/RR'),'992400043');
Insert into PESSOAS (CPF,NOME,DATA_NASCIMENTO,TELEFONE) values ('34392612805','Miguel Rafael Gonçalves',to_date('07/02/57','DD/MM/RR'),'988115558');
Insert into PESSOAS (CPF,NOME,DATA_NASCIMENTO,TELEFONE) values ('25646779596','Joaquim Elias Fernando da Luz',to_date('04/03/60','DD/MM/RR'),'994722690');

Insert into CLIENTES (ID_CLIENTE,CPF) values ('A8C5CB4E72A461ACE0532730280A7445','25646779596');
Insert into CLIENTES (ID_CLIENTE,CPF) values ('A8C5CB4E72A561ACE0532730280A7445','34392612805');
Insert into CLIENTES (ID_CLIENTE,CPF) values ('A8C5CB4E72A661ACE0532730280A7445','41721554300');
Insert into CLIENTES (ID_CLIENTE,CPF) values ('A8C5CB4E72A761ACE0532730280A7445','47501203164');
Insert into CLIENTES (ID_CLIENTE,CPF) values ('A8C5CB4E72A861ACE0532730280A7445','47585404620');
Insert into CLIENTES (ID_CLIENTE,CPF) values ('A8C5CB4E72A961ACE0532730280A7445','49533538970');
Insert into CLIENTES (ID_CLIENTE,CPF) values ('A8C5CB4E72AA61ACE0532730280A7445','63006943139');
Insert into CLIENTES (ID_CLIENTE,CPF) values ('A8C5CB4E72AB61ACE0532730280A7445','73194754211');
Insert into CLIENTES (ID_CLIENTE,CPF) values ('A8C5CB4E72AC61ACE0532730280A7445','75483883578');
Insert into CLIENTES (ID_CLIENTE,CPF) values ('A8C5CB4E72AD61ACE0532730280A7445','89007140582');
Insert into CLIENTES (ID_CLIENTE,CPF) values ('A8C5CB4E72AE61ACE0532730280A7445','92407470877');
Insert into CLIENTES (ID_CLIENTE,CPF) values ('A8C5CB4E72AF61ACE0532730280A7445','94044448396');

Insert into ENTREGADORES (ID_ENTREGADOR,CPF,CNH) values ('A8C5CB4E72A161ACE0532730280A7445','32510559257','04786807186');
Insert into ENTREGADORES (ID_ENTREGADOR,CPF,CNH) values ('A8C5CB4E72A261ACE0532730280A7445','32272767206','91888783824');
Insert into ENTREGADORES (ID_ENTREGADOR,CPF,CNH) values ('A8C5CB4E72A361ACE0532730280A7445','77627507030','05548979937');

Insert into CARTOES (ID_CARTAO,ID_CLIENTE,NRO_CARTAO,CVV,DATA_VALIDADE) values ('A8D71577AA480FABE0532730280AF6E3','A8C5CB4E72A461ACE0532730280A7445','5262060794146908','696',to_date('24/06/21','DD/MM/RR'));
Insert into CARTOES (ID_CARTAO,ID_CLIENTE,NRO_CARTAO,CVV,DATA_VALIDADE) values ('A8D71577AA490FABE0532730280AF6E3','A8C5CB4E72A561ACE0532730280A7445','5158642034497436','434',to_date('24/01/21','DD/MM/RR'));
Insert into CARTOES (ID_CARTAO,ID_CLIENTE,NRO_CARTAO,CVV,DATA_VALIDADE) values ('A8D71577AA4A0FABE0532730280AF6E3','A8C5CB4E72A661ACE0532730280A7445','5325254450585393','954',to_date('24/11/21','DD/MM/RR'));
Insert into CARTOES (ID_CARTAO,ID_CLIENTE,NRO_CARTAO,CVV,DATA_VALIDADE) values ('A8D71577AA4B0FABE0532730280AF6E3','A8C5CB4E72A761ACE0532730280A7445','340133095943153','431',to_date('24/01/22','DD/MM/RR'));
Insert into CARTOES (ID_CARTAO,ID_CLIENTE,NRO_CARTAO,CVV,DATA_VALIDADE) values ('A8D71577AA4C0FABE0532730280AF6E3','A8C5CB4E72A861ACE0532730280A7445','6062828293786394','770',to_date('24/01/21','DD/MM/RR'));

Insert into CONTASBANCARIAS (ID_CONTA_BANCARIA,ID_ENTREGADOR,NRO_CONTA,AGENCIA,TIPO_CONTA,BANCO) values ('A8D71577AA440FABE0532730280AF6E3','A8C5CB4E72A161ACE0532730280A7445','1268174-1','2603','Conta Corrente','Banco do Brasil');
Insert into CONTASBANCARIAS (ID_CONTA_BANCARIA,ID_ENTREGADOR,NRO_CONTA,AGENCIA,TIPO_CONTA,BANCO) values ('A8D71577AA450FABE0532730280AF6E3','A8C5CB4E72A261ACE0532730280A7445','0742764-6','2583','Conta Poupança','Bradesco');
Insert into CONTASBANCARIAS (ID_CONTA_BANCARIA,ID_ENTREGADOR,NRO_CONTA,AGENCIA,TIPO_CONTA,BANCO) values ('A8D71577AA460FABE0532730280AF6E3','A8C5CB4E72A361ACE0532730280A7445','43907-3','8799','Conta Corrente','Itaú');

Insert into TIPOSENDERECOS (ID_TIPO_ENDERECO,TIPO) values ('A8C5CB4E72B061ACE0532730280A7445','Casa');
Insert into TIPOSENDERECOS (ID_TIPO_ENDERECO,TIPO) values ('A8C5CB4E72B161ACE0532730280A7445','Trabalho');
Insert into TIPOSENDERECOS (ID_TIPO_ENDERECO,TIPO) values ('A8C5CB4E72B261ACE0532730280A7445','Escritório');

Insert into ENDERECOS (ID_ENDERECO,ID_TIPO_ENDERECO,ID_CLIENTE,CIDADE,BAIRRO,NUMERO,COMPLEMENTO) values ('A8D71577AA0C0FABE0532730280AF6E3','A8C5CB4E72B261ACE0532730280A7445','A8C5CB4E72A961ACE0532730280A7445','Porto Alegre','Menino Deus','987','Apt 202');
Insert into ENDERECOS (ID_ENDERECO,ID_TIPO_ENDERECO,ID_CLIENTE,CIDADE,BAIRRO,NUMERO,COMPLEMENTO) values ('A8D71577AA0D0FABE0532730280AF6E3','A8C5CB4E72B061ACE0532730280A7445','A8C5CB4E72AA61ACE0532730280A7445','Canoas','Fátima','303',null);
Insert into ENDERECOS (ID_ENDERECO,ID_TIPO_ENDERECO,ID_CLIENTE,CIDADE,BAIRRO,NUMERO,COMPLEMENTO) values ('A8D71577AA0E0FABE0532730280AF6E3','A8C5CB4E72B161ACE0532730280A7445','A8C5CB4E72AB61ACE0532730280A7445','Itabuna','São Judas Tadeu','624','Bloco B');
Insert into ENDERECOS (ID_ENDERECO,ID_TIPO_ENDERECO,ID_CLIENTE,CIDADE,BAIRRO,NUMERO,COMPLEMENTO) values ('A8D71577AA0F0FABE0532730280AF6E3','A8C5CB4E72B161ACE0532730280A7445','A8C5CB4E72AC61ACE0532730280A7445','Pelotas','Areal','308',null);
Insert into ENDERECOS (ID_ENDERECO,ID_TIPO_ENDERECO,ID_CLIENTE,CIDADE,BAIRRO,NUMERO,COMPLEMENTO) values ('A8D71577AA100FABE0532730280AF6E3','A8C5CB4E72B261ACE0532730280A7445','A8C5CB4E72AD61ACE0532730280A7445','Cruz Alta','Jung','126',null);
Insert into ENDERECOS (ID_ENDERECO,ID_TIPO_ENDERECO,ID_CLIENTE,CIDADE,BAIRRO,NUMERO,COMPLEMENTO) values ('A8D71577AA110FABE0532730280AF6E3','A8C5CB4E72B061ACE0532730280A7445','A8C5CB4E72AE61ACE0532730280A7445','São Leopoldo','Campestre','426','Ao lado do mercado Rissul');
Insert into ENDERECOS (ID_ENDERECO,ID_TIPO_ENDERECO,ID_CLIENTE,CIDADE,BAIRRO,NUMERO,COMPLEMENTO) values ('A8D71577AA120FABE0532730280AF6E3','A8C5CB4E72B061ACE0532730280A7445','A8C5CB4E72AF61ACE0532730280A7445','Novo Hamburgo','Rondônia','179',null);
Insert into ENDERECOS (ID_ENDERECO,ID_TIPO_ENDERECO,ID_CLIENTE,CIDADE,BAIRRO,NUMERO,COMPLEMENTO) values ('A8C5CB4E72B361ACE0532730280A7445','A8C5CB4E72B061ACE0532730280A7445','A8C5CB4E72A461ACE0532730280A7445','Passo Fundo','Lucas Araújo','143','Atrás da Igreja');
Insert into ENDERECOS (ID_ENDERECO,ID_TIPO_ENDERECO,ID_CLIENTE,CIDADE,BAIRRO,NUMERO,COMPLEMENTO) values ('A8C5CB4E72B461ACE0532730280A7445','A8C5CB4E72B161ACE0532730280A7445','A8C5CB4E72A561ACE0532730280A7445','Alvorada','Jardim Algarve','742',null);
Insert into ENDERECOS (ID_ENDERECO,ID_TIPO_ENDERECO,ID_CLIENTE,CIDADE,BAIRRO,NUMERO,COMPLEMENTO) values ('A8C5CB4E72B561ACE0532730280A7445','A8C5CB4E72B261ACE0532730280A7445','A8C5CB4E72A661ACE0532730280A7445','Caxias do Sul','Salgado Filho','307','Segundo andar');
Insert into ENDERECOS (ID_ENDERECO,ID_TIPO_ENDERECO,ID_CLIENTE,CIDADE,BAIRRO,NUMERO,COMPLEMENTO) values ('A8C5CB4E72B661ACE0532730280A7445','A8C5CB4E72B161ACE0532730280A7445','A8C5CB4E72A761ACE0532730280A7445','Santa Maria','Urlândia','234','Casa 2');
Insert into ENDERECOS (ID_ENDERECO,ID_TIPO_ENDERECO,ID_CLIENTE,CIDADE,BAIRRO,NUMERO,COMPLEMENTO) values ('A8C5CB4E72B761ACE0532730280A7445','A8C5CB4E72B061ACE0532730280A7445','A8C5CB4E72A861ACE0532730280A7445','Canoas','Nossa Senhora das Graças','905',null);

Insert into CATEGORIASITENS (ID_CATEGORIA_ITEM,NOME,SUBTIPO) values ('A8D71577AA4D0FABE0532730280AF6E3','Refrigerante',null);
Insert into CATEGORIASITENS (ID_CATEGORIA_ITEM,NOME,SUBTIPO) values ('A8D71577AA4E0FABE0532730280AF6E3','Suco',null);
Insert into CATEGORIASITENS (ID_CATEGORIA_ITEM,NOME,SUBTIPO) values ('A8D71577AA4F0FABE0532730280AF6E3','Bebida alcoólica',null);
Insert into CATEGORIASITENS (ID_CATEGORIA_ITEM,NOME,SUBTIPO) values ('A8D71577AA500FABE0532730280AF6E3','Normal','A8D71577AA4D0FABE0532730280AF6E3');
Insert into CATEGORIASITENS (ID_CATEGORIA_ITEM,NOME,SUBTIPO) values ('A8D71577AA510FABE0532730280AF6E3','Zero','A8D71577AA4D0FABE0532730280AF6E3');
Insert into CATEGORIASITENS (ID_CATEGORIA_ITEM,NOME,SUBTIPO) values ('A8D71577AA520FABE0532730280AF6E3','Verde','A8D71577AA4E0FABE0532730280AF6E3');
Insert into CATEGORIASITENS (ID_CATEGORIA_ITEM,NOME,SUBTIPO) values ('A8D71577AA530FABE0532730280AF6E3','Detox','A8D71577AA4E0FABE0532730280AF6E3');
Insert into CATEGORIASITENS (ID_CATEGORIA_ITEM,NOME,SUBTIPO) values ('A8D71577AA540FABE0532730280AF6E3','Normal','A8D71577AA4E0FABE0532730280AF6E3');
Insert into CATEGORIASITENS (ID_CATEGORIA_ITEM,NOME,SUBTIPO) values ('A8D71577AA550FABE0532730280AF6E3','Cerveja','A8D71577AA4F0FABE0532730280AF6E3');
Insert into CATEGORIASITENS (ID_CATEGORIA_ITEM,NOME,SUBTIPO) values ('A8D71577AA560FABE0532730280AF6E3','Whisky','A8D71577AA4F0FABE0532730280AF6E3');
Insert into CATEGORIASITENS (ID_CATEGORIA_ITEM,NOME,SUBTIPO) values ('A8D71577AA570FABE0532730280AF6E3','Vinho','A8D71577AA4F0FABE0532730280AF6E3');
Insert into CATEGORIASITENS (ID_CATEGORIA_ITEM,NOME,SUBTIPO) values ('A8D71577AA580FABE0532730280AF6E3','Prato',null);
Insert into CATEGORIASITENS (ID_CATEGORIA_ITEM,NOME,SUBTIPO) values ('A8D71577AA590FABE0532730280AF6E3','Sobremesa',null);
Insert into CATEGORIASITENS (ID_CATEGORIA_ITEM,NOME,SUBTIPO) values ('A8D71577AA5A0FABE0532730280AF6E3','Carne','A8D71577AA580FABE0532730280AF6E3');
Insert into CATEGORIASITENS (ID_CATEGORIA_ITEM,NOME,SUBTIPO) values ('A8D71577AA5B0FABE0532730280AF6E3','Massa','A8D71577AA580FABE0532730280AF6E3');
Insert into CATEGORIASITENS (ID_CATEGORIA_ITEM,NOME,SUBTIPO) values ('A8D71577AA5C0FABE0532730280AF6E3','Gelato','A8D71577AA590FABE0532730280AF6E3');
Insert into CATEGORIASITENS (ID_CATEGORIA_ITEM,NOME,SUBTIPO) values ('A8D71577AA5D0FABE0532730280AF6E3','Torta','A8D71577AA590FABE0532730280AF6E3');
Insert into CATEGORIASITENS (ID_CATEGORIA_ITEM,NOME,SUBTIPO) values ('A8D71577AA5E0FABE0532730280AF6E3','Diversos','A8D71577AA590FABE0532730280AF6E3');

Insert into ITENS (ID_ITEM,ID_CATEGORIA_ITEM,NOME,DESCRICAO,PRECO) values ('A8D71577AE220FABE0532730280AF6E3','A8D71577AA500FABE0532730280AF6E3','Coca-Cola 355ml',null,'5,5');
Insert into ITENS (ID_ITEM,ID_CATEGORIA_ITEM,NOME,DESCRICAO,PRECO) values ('A8D71577AE230FABE0532730280AF6E3','A8D71577AA500FABE0532730280AF6E3','Pepsi Twist 355ml',null,'4,5');
Insert into ITENS (ID_ITEM,ID_CATEGORIA_ITEM,NOME,DESCRICAO,PRECO) values ('A8D71577AE240FABE0532730280AF6E3','A8D71577AA500FABE0532730280AF6E3','Fanta Uva 355ml',null,'5,5');
Insert into ITENS (ID_ITEM,ID_CATEGORIA_ITEM,NOME,DESCRICAO,PRECO) values ('A8D71577AE250FABE0532730280AF6E3','A8D71577AA500FABE0532730280AF6E3','Coca-Cola Stevia 355ml',null,'5,5');
Insert into ITENS (ID_ITEM,ID_CATEGORIA_ITEM,NOME,DESCRICAO,PRECO) values ('A8D71577AE260FABE0532730280AF6E3','A8D71577AA510FABE0532730280AF6E3','Coca-Cola Zero 355ml',null,'5,5');
Insert into ITENS (ID_ITEM,ID_CATEGORIA_ITEM,NOME,DESCRICAO,PRECO) values ('A8D71577AE270FABE0532730280AF6E3','A8D71577AA510FABE0532730280AF6E3','Pepsi Zero 355ml',null,'4,5');
Insert into ITENS (ID_ITEM,ID_CATEGORIA_ITEM,NOME,DESCRICAO,PRECO) values ('A8D71577AE280FABE0532730280AF6E3','A8D71577AA540FABE0532730280AF6E3','Suco de Laranja',null,'7');
Insert into ITENS (ID_ITEM,ID_CATEGORIA_ITEM,NOME,DESCRICAO,PRECO) values ('A8D71577AE290FABE0532730280AF6E3','A8D71577AA540FABE0532730280AF6E3','Suco de Morango',null,'6,5');
Insert into ITENS (ID_ITEM,ID_CATEGORIA_ITEM,NOME,DESCRICAO,PRECO) values ('A8D71577AE2C0FABE0532730280AF6E3','A8D71577AA520FABE0532730280AF6E3','Suco verde','Sabor refrescante de Laranja com Acerola, que é adoçado na medida certa. Uma alternativa superprática para quem tem o dia corrido, já que acrescenta um gostinho especial ao suco de um jeito simples e rápido.','9');
Insert into ITENS (ID_ITEM,ID_CATEGORIA_ITEM,NOME,DESCRICAO,PRECO) values ('A8D71577AE2D0FABE0532730280AF6E3','A8D71577AA520FABE0532730280AF6E3','Suco Verde com Água de Coco','essa bebida tem um delicioso sabor de frutas, pois contém maçã nos ingredientes e fica ainda mais gostosa combinada com  FIT Abacaxi, que é zero açúcar. Além disso, a água de coco traz uma série de benefícios, como manter a hidratação do corpo.','8,3');
Insert into ITENS (ID_ITEM,ID_CATEGORIA_ITEM,NOME,DESCRICAO,PRECO) values ('A8D71577AE2F0FABE0532730280AF6E3','A8D71577AA520FABE0532730280AF6E3','Suco de Couve e Maracujá','o que já era bom pode ficar ainda melhor. Este suco com gosto de verão ganha reforço no sabor de frutas com Maracujá, que é adoçado na medida certa. A combinação de couve, abacaxi e maracujá é perfeita! Aproveite que nesta época do ano essas frutas estão bonitas e suculentas e abuse dos sucos.','8,3');
Insert into ITENS (ID_ITEM,ID_CATEGORIA_ITEM,NOME,DESCRICAO,PRECO) values ('A8D71577AE300FABE0532730280AF6E3','A8D71577AA550FABE0532730280AF6E3','Skol Longneck 250ml',null,'6,5');
Insert into ITENS (ID_ITEM,ID_CATEGORIA_ITEM,NOME,DESCRICAO,PRECO) values ('A8D71577AE310FABE0532730280AF6E3','A8D71577AA550FABE0532730280AF6E3','Brahma Longneck 250ml',null,'7,5');
Insert into ITENS (ID_ITEM,ID_CATEGORIA_ITEM,NOME,DESCRICAO,PRECO) values ('A8D71577AE320FABE0532730280AF6E3','A8D71577AA550FABE0532730280AF6E3','Heineken Longneck 250ml',null,'5,5');
Insert into ITENS (ID_ITEM,ID_CATEGORIA_ITEM,NOME,DESCRICAO,PRECO) values ('A8D71577AE330FABE0532730280AF6E3','A8D71577AA550FABE0532730280AF6E3','Budweiser Longneck 250ml',null,'5,5');
Insert into ITENS (ID_ITEM,ID_CATEGORIA_ITEM,NOME,DESCRICAO,PRECO) values ('A8D71577AE340FABE0532730280AF6E3','A8D71577AA570FABE0532730280AF6E3','Jacob"s" Creek 1L',null,'22,9');
Insert into ITENS (ID_ITEM,ID_CATEGORIA_ITEM,NOME,DESCRICAO,PRECO) values ('A8D71577AE350FABE0532730280AF6E3','A8D71577AA570FABE0532730280AF6E3','Hardys Cabernet',null,'15');
Insert into ITENS (ID_ITEM,ID_CATEGORIA_ITEM,NOME,DESCRICAO,PRECO) values ('A8D71577AE360FABE0532730280AF6E3','A8D71577AA5A0FABE0532730280AF6E3','Estrogonofe de carne','Estrogonofe feito com maminha e champignon.','25');
Insert into ITENS (ID_ITEM,ID_CATEGORIA_ITEM,NOME,DESCRICAO,PRECO) values ('A8D71577AE370FABE0532730280AF6E3','A8D71577AA5A0FABE0532730280AF6E3','Atum ao forno','Atum ao forno com arroz e salatada de batata','27');
Insert into ITENS (ID_ITEM,ID_CATEGORIA_ITEM,NOME,DESCRICAO,PRECO) values ('A8D71577AE380FABE0532730280AF6E3','A8D71577AA5A0FABE0532730280AF6E3','Coxa de frango com ervas','Coxa de frango assada com ervas finas','24');
Insert into ITENS (ID_ITEM,ID_CATEGORIA_ITEM,NOME,DESCRICAO,PRECO) values ('A8D71577AE390FABE0532730280AF6E3','A8D71577AA5B0FABE0532730280AF6E3','Macarrão ao molho sugo','Macarrão ao molho de tomate e almôndegas','23,5');
Insert into ITENS (ID_ITEM,ID_CATEGORIA_ITEM,NOME,DESCRICAO,PRECO) values ('A8D71577AE3A0FABE0532730280AF6E3','A8D71577AA5B0FABE0532730280AF6E3','Ravioli com camarões',null,'27');
Insert into ITENS (ID_ITEM,ID_CATEGORIA_ITEM,NOME,DESCRICAO,PRECO) values ('A8D71577AE3B0FABE0532730280AF6E3','A8D71577AA5B0FABE0532730280AF6E3','Massa à moda de sorrento','Com queijo mozarella, espaguete e tomate, este é um prato de massa muito saboroso para o dia-a-dia.','20');
Insert into ITENS (ID_ITEM,ID_CATEGORIA_ITEM,NOME,DESCRICAO,PRECO) values ('A8D71577AE3C0FABE0532730280AF6E3','A8D71577AA5C0FABE0532730280AF6E3','Pudim de sorvete','Sobremesa deliciosa e ideal para a família.','25');
Insert into ITENS (ID_ITEM,ID_CATEGORIA_ITEM,NOME,DESCRICAO,PRECO) values ('A8D71577AE3D0FABE0532730280AF6E3','A8D71577AA5C0FABE0532730280AF6E3','Prestígio gelado','Feto com leite de coco, coco ralado e leite condensado.','15');
Insert into ITENS (ID_ITEM,ID_CATEGORIA_ITEM,NOME,DESCRICAO,PRECO) values ('A8D71577AE3E0FABE0532730280AF6E3','A8D71577AA5C0FABE0532730280AF6E3','Gelado de bis e maracujá','Feito com bis e mousse de maracujá','22');

Insert into ITENSCARDAPIOS (ID_ITEM_CARDAPIO,DATA_CARDAPIO,ID_ITEM) values ('A8D71577AE470FABE0532730280AF6E3','24/06/2020','A8D71577AE360FABE0532730280AF6E3');
Insert into ITENSCARDAPIOS (ID_ITEM_CARDAPIO,DATA_CARDAPIO,ID_ITEM) values ('A8D71577AE480FABE0532730280AF6E3','24/06/2020','A8D71577AE390FABE0532730280AF6E3');
Insert into ITENSCARDAPIOS (ID_ITEM_CARDAPIO,DATA_CARDAPIO,ID_ITEM) values ('A8D71577AE490FABE0532730280AF6E3','24/06/2020','A8D71577AE3D0FABE0532730280AF6E3');
Insert into ITENSCARDAPIOS (ID_ITEM_CARDAPIO,DATA_CARDAPIO,ID_ITEM) values ('A8D71577AE4A0FABE0532730280AF6E3','24/06/2020','A8D71577AE3A0FABE0532730280AF6E3');
Insert into ITENSCARDAPIOS (ID_ITEM_CARDAPIO,DATA_CARDAPIO,ID_ITEM) values ('A8D71577AE4B0FABE0532730280AF6E3','24/06/2020','A8D71577AE220FABE0532730280AF6E3');
Insert into ITENSCARDAPIOS (ID_ITEM_CARDAPIO,DATA_CARDAPIO,ID_ITEM) values ('A8D71577AE4C0FABE0532730280AF6E3','24/06/2020','A8D71577AE280FABE0532730280AF6E3');
Insert into ITENSCARDAPIOS (ID_ITEM_CARDAPIO,DATA_CARDAPIO,ID_ITEM) values ('A8D71577AE4D0FABE0532730280AF6E3','24/06/2020','A8D71577AE310FABE0532730280AF6E3');

Insert into PAGAMENTOS (ID_PAGAMENTO,ID_TRANSACAO,TIPO_PAGAMENTO) values ('A8D71577AFF90FABE0532730280AF6E3',null,'Dinheiro');

Insert into PEDIDOS (ID_PEDIDO,ID_CLIENTE,ID_PAGAMENTO,DATA_PEDIDO,VALOR_TOTAL,SITUACAO) values ('A8D71577AFF80FABE0532730280AF6E3','A8C5CB4E72A461ACE0532730280A7445','A8D71577AFF90FABE0532730280AF6E3',to_date('24/06/20','DD/MM/RR'),'45,5','Aguardando');

Insert into ITENSPEDIDOS (ID_ITEM_PEDIDO,ID_ITEM_CARDAPIO,ID_PEDIDO,QUANTIDADE,VALOR_UNITARIO) values ('A8D71577AFFA0FABE0532730280AF6E3','A8D71577AE470FABE0532730280AF6E3','A8D71577AFF80FABE0532730280AF6E3','1','25');
Insert into ITENSPEDIDOS (ID_ITEM_PEDIDO,ID_ITEM_CARDAPIO,ID_PEDIDO,QUANTIDADE,VALOR_UNITARIO) values ('A8D71577AFFB0FABE0532730280AF6E3','A8D71577AE4B0FABE0532730280AF6E3','A8D71577AFF80FABE0532730280AF6E3','1','5,5');
Insert into ITENSPEDIDOS (ID_ITEM_PEDIDO,ID_ITEM_CARDAPIO,ID_PEDIDO,QUANTIDADE,VALOR_UNITARIO) values ('A8D71577AFFC0FABE0532730280AF6E3','A8D71577AE490FABE0532730280AF6E3','A8D71577AFF80FABE0532730280AF6E3','2','15');